,,,,,,,,,,,,,,,,,,,,,,,,State,State - Abv,Eligible States,Not Eligible,Products,Price,Link,Allow States,BMI STATUS,STRIVE STATES,
,State,Arkansas,AR,,Not Eligible 'Out Of State',,,,,,,,,,,,,,,,,,,Alabama,AL,no,Alabama,(6% Fee) Tirzepatide 52mg + 2 Slim Boost + 3 Nutrition Consultation + 3 Lipo-Mino + 3 NAD+,"$3,926.25",https://buy.stripe.com/8x29AS37h7x9efz01r0JN44,"AZ, CO, CT, DE, FL, GA, HI, IL, IA, ME, MD, MI, MO, MT, NE, NV, NH, NJ, NM, NY, NC, ND, OH, OK, OR, PA, RI, SD, TN, TX, UT, VT, VA, WA, WI, WY",BMI25TO29_MED,Arizona,AZ
,,,,,Try selling the products listed Above (ROW 30),,,,,,,,,,,,,,,,,,,Alaska,AK,no,Alaska,Tirzepatide 52mg + 2 Slim Boost + 3 Nutrition Consultation + 3 Lipo-Mino + 3 NAD+,"$3,704.01",https://buy.stripe.com/eVq00idLVg3F8Vf5lL0JN43,"AZ, CO, CT, DE, FL, GA, HI, IL, IA, ME, MD, MI, MO, MT, NE, NV, NH, NJ, NM, NY, NC, ND, OH, OK, OR, PA, RI, SD, TN, TX, UT, VT, VA, WA, WI, WY",BMI25TO29_MED,California,CA
,,,,,,,,,,,,,,,,,,,,,,,,Arizona,AZ,yes,Arkansas,(6% Fee) Semaglutide 7mg + 2 Slim Boost + 3 Nutrition Consultation + 3 Lipo-Mino + 3 NAD+,"$3,491.65",https://buy.stripe.com/bJecN4fU33gTefz01r0JN46,"AZ, CO, CT, DE, FL, GA, HI, IL, IA, ME, MD, MI, MO, MT, NE, NV, NH, NJ, NM, NY, NC, ND, OH, OK, OR, PA, RI, SD, TN, TX, UT, VT, VA, WA, WI, WY",BMI25TO29_MED,Colorado,CO
,,,,,,,,,,,,,,,,,,,,,,,,Arkansas,AR,no,District of Columbia,Semaglutide 7mg + 2 Slim Boost + 3 Nutrition Consultation + 3 Lipo-Mino + 3 NAD+,"$3,294.01",https://buy.stripe.com/cNicN4cHR8Bd5J329z0JN45,"AZ, CO, CT, DE, FL, GA, HI, IL, IA, ME, MD, MI, MO, MT, NE, NV, NH, NJ, NM, NY, NC, ND, OH, OK, OR, PA, RI, SD, TN, TX, UT, VT, VA, WA, WI, WY",BMI25TO29_MED,Connecticut,CT
,Weight Loss Goal Calculator,,,,,,,,,Payment plans calculator,,,,,,,,,,,,,,California,CA,yes,Kansas,(6% Fee) Tirzepatide 52mg + 2 Slim Boost + 3 Nutrition Consultation + 3 NAD+,"$2,983.91",https://buy.stripe.com/7sY4gy37heZBfjD7tT0JN3W,"AZ, CO, CT, DE, FL, GA, HI, IL, IA, LA, ME, MD, MA, MI, MO, MT, NE, NV, NH, NJ, NM, NY, NC, ND, OH, OK, OR, PA, RI, SD, TN, TX, UT, VT, VA, WA, WI, WY",BMI25TO29_MED,Delaware,DE
,,,,,,,,,,,,,,,,,,,,,,,,Colorado,CO,yes,Kentucky,(6% Fee) Tirzepatide 52mg + 2 Slim Boost + 3 Nutrition Consultation + 3 Lipo-Mino,"$2,983.91",https://buy.stripe.com/9B65kC4bl18L2wR3dD0JN3X,"AZ, CO, CT, DE, FL, GA, HI, IL, IA, ME, MD, MI, MO, MT, NE, NV, NH, NJ, NM, NY, NC, ND, OH, OK, OR, PA, RI, SD, TN, TX, UT, VT, VA, WA, WI, WY",BMI25TO29_MED,Florida,FL
,Height (cm),170,,,,Kg,Pound,,,Full price:,,"$1,776",,,,,,,,,,,,Connecticut,CT,yes,Mississippi,Tirzepatide 52mg + 2 Slim Boost + 3 Nutrition Consultation + 3 NAD+,"$2,815.01",https://buy.stripe.com/cNi28q0Z93gT9Zj7tT0JN3V,"AZ, CO, CT, DE, FL, GA, HI, IL, IA, LA, ME, MD, MA, MI, MO, MT, NE, NV, NH, NJ, NM, NY, NC, ND, OH, OK, OR, PA, RI, SD, TN, TX, UT, VT, VA, WA, WI, WY",BMI25TO29_MED,Georgia,GA
,Current weight (lb),50,,,Kg to pound,106,233,,,Discounts:,,$0,,,,,,,,,,,,Delaware,DE,yes,West Virginia,Tirzepatide 52mg + 2 Slim Boost + 3 Nutrition Consultation + 3 Lipo-Mino,"$2,815.01",https://buy.stripe.com/00wdR84blcRtdbvbK90JN3Y,"AZ, CO, CT, DE, FL, GA, HI, IL, IA, ME, MD, MI, MO, MT, NE, NV, NH, NJ, NM, NY, NC, ND, OH, OK, OR, PA, RI, SD, TN, TX, UT, VT, VA, WA, WI, WY",BMI25TO29_MED,Hawaii,HI
,BMI,7,,,,,,,,Down:,,$0,,,,,,,,,,,,District of Columbia,DC,no,Idaho,(6% Fee) Semaglutide 7 + 2 Slim Boost + 3 Nutrition Consultation + 3 NAD+,"$2,549.31",https://buy.stripe.com/bJe6oG37haJl5J329z0JN42,"AZ, CO, CT, DE, FL, GA, HI, IL, IA, LA, ME, MD, MA, MI, MO, MT, NE, NV, NH, NJ, NM, NY, NC, ND, OH, OK, OR, PA, RI, SD, TN, TX, UT, VT, VA, WA, WI, WY",BMI25TO29_MED,Idaho,ID
,,,,,,Pound,Kg,,,To be paid:,,"$1,776",,,,,,,,,,,,Florida,FL,yes,,(6% Fee) Semaglutide 7mg + 2 Slim Boost + 3 Nutrition Consultation + 3 Lipo-Mino,"$2,549.31",https://buy.stripe.com/4gM9AS8rBaJl6N7aG50JN40,"AZ, CO, CT, DE, FL, GA, HI, IL, IA, ME, MD, MI, MO, MT, NE, NV, NH, NJ, NM, NY, NC, ND, OH, OK, OR, PA, RI, SD, TN, TX, UT, VT, VA, WA, WI, WY",BMI25TO29_MED,Illinois,IL
,Min. weight (kg),53,,,Pound to Kg,190,86,,,Today:,,4/6/2026,,,,,,,,,,,,Georgia,GA,yes,,Semaglutide 7 + 2 Slim Boost + 3 Nutrition Consultation + 3 NAD+,"$2,405.01",https://buy.stripe.com/cNi28qdLV7x97RbbK90JN41,"AZ, CO, CT, DE, FL, GA, HI, IL, IA, LA, ME, MD, MA, MI, MO, MT, NE, NV, NH, NJ, NM, NY, NC, ND, OH, OK, OR, PA, RI, SD, TN, TX, UT, VT, VA, WA, WI, WY",BMI25TO29_MED,Iowa,IA
,Max. weight (kg),72,,,,,,,,First payment:,,6/24/2025,,,,,,,,,,,,Hawaii,HI,yes,,Semaglutide 7mg + 2 Slim Boost + 3 Nutrition Consultation + 3 Lipo-Mino,"$2,405.01",https://buy.stripe.com/8x2dR89vFeZB1sN6pP0JN3Z,"AZ, CO, CT, DE, FL, GA, HI, IL, IA, ME, MD, MI, MO, MT, NE, NV, NH, NJ, NM, NY, NC, ND, OH, OK, OR, PA, RI, SD, TN, TX, UT, VT, VA, WA, WI, WY",BMI25TO29_MED,Louisiana,LA
,Ideal weight (kg),63,,,,,,,,# of biweekly payments (4):,,4,,# of 6 mo. payments (1 up to 6):,6,,,,,,,,,Idaho,ID,no,,(6% Fee) Combo Tirzepatide 52mg + NAD,"$2,173.00",https://buy.stripe.com/14k6ps3aBh0n2oo0QO,"AZ, CO, CT, DE, FL, GA, HI, IL, IA, ME, MD, MA, MI, MO, MT, NE, NV, NH, NJ, NM, NY, NC, ND, OH, OK, OR, PA, RI, SD, TN, TX, UT, VT, VA, WA, WI, WY",BMI25TO29_MED,Maine,ME
,Min. weight (lb),118,,,,Feet,Inchs,CM,,,,,,,,,,,,,,,,Illinois,IL,yes,,Combo Tirzepatide 52mg + NAD,"$2,050.00",https://buy.stripe.com/eVa6ps7qReSf1kk7fb,"AZ, CO, CT, DE, FL, GA, HI, IL, IA, ME, MD, MA, MI, MO, MT, NE, NV, NH, NJ, NM, NY, NC, ND, OH, OK, OR, PA, RI, SD, TN, TX, UT, VT, VA, WA, WI, WY",BMI25TO29_MED,Maryland,MD
,Max. weight (lb),159,,,Foot to cm,5,3,160,,Biweekly plan (afterpay/klarna):,,,,6 month plan (affirm/care credit/afterpay/klarna):,,,,,,,,,,Indiana,IN,yes,,(6% Fee) Tirzepatide 52mg +  3 Months Nutritional + 2 Slim Boost,"$2,041.57",https://buy.stripe.com/aFa4gy8rB5p1b3ndSh0JI1u,"AZ, CO, CT, DE, FL, GA, HI, IL, IA, ME, MD, MA, MI, MO, MT, NE, NV, NH, NJ, NM, NY, NC, ND, OH, OK, OR, PA, RI, SD, TN, TX, UT, VT, VA, WA, WI, WY",BMI25TO29_MED,Massachusetts,MA
,Ideal weight (lb),138,,,,,,,,1st payment,Jun-24,$444,,1st payment,Jun-24,$296,,,,,,,,Iowa,IA,yes,,(6% Fee) Nutrition Consultation - 12 Months + 6 Slim Boost,"$2,027.95",https://buy.stripe.com/cNi00i0Z904H3AV6pP0JJ2h,ALL,ALL,Michigan,MI
,,,,,,CM,Feet,Inchs,,2nd payment,Jul-8,$444,,2nd payment,Jul-24,$296,,,,,,,,Kansas,KS,no,,Tirzepatide 52mg +  3 Months Nutritional + 2 Slim Boost,"$1,926.01",https://buy.stripe.com/4gMaEW7nx4kXgnHdSh0JI1t,"AZ, CO, CT, DE, FL, GA, HI, IL, IA, ME, MD, MA, MI, MO, MT, NE, NV, NH, NJ, NM, NY, NC, ND, OH, OK, OR, PA, RI, SD, TN, TX, UT, VT, VA, WA, WI, WY",BMI25TO29_MED,Missouri,MO
,Weight Loss Goal (kg):,-40,,,CM to foot,171,5,7,,3rd payment,Jul-22,$444,,3rd payment,Aug-23,$296,,,,,,,,Kentucky,KY,no,,Nutrition Consultation - 12 Months + 6 Slim Boost,"$1,913.16",https://buy.stripe.com/3cIfZgePZeZB5J3eWl0JJ2d,ALL,ALL,Montana,MT
,Weight Loss Goal (lb):,-88,,,,,,,,4th payment,Aug-5,$444,,4th payment,Sep-22,$296,,,,,,,,Louisiana,LA,yes,,(6% Fee) Combo Tirzepatide 52mg,"$1,776.56",https://buy.stripe.com/5kA8xAeTj5hF1kkfIk,"AZ, CO, CT, DE, FL, GA, HI, IL, IA, ME, MD, MA, MI, MO, MT, NE, NV, NH, NJ, NM, NY, NC, ND, OH, OK, OR, PA, RI, SD, TN, TX, UT, VT, VA, WA, WI, WY",BMI25TO29_MED,Nebraska,NE
,,,,,,,,,,,,,,5th payment,Oct-22,$296,,,,,,,,Maine,ME,yes,,(6% Fee) Combo Semaglutide 7mg + NAD,"$1,738.40",https://buy.stripe.com/14k7twdPf7pN7II570,"AZ, CO, CT, DE, FL, GA, HI, IL, IA, ME, MD, MA, MO, MT, NE, NV, NH, NJ, NM, NY, NC, ND, OH, OK, OR, PA, RI, SD, TN, TX, UT, VT, VA, WA, WI, WY",BMI25TO29_MED,Nevada,NV
,,,,,,,,,,,,,,6th payment,Nov-21,$296,,,,,,,,Maryland,MD,yes,,Combo Tirzepatide 52mg,"$1,676.00",https://buy.stripe.com/28og027qR4dB2oocw6,"AZ, CO, CT, DE, FL, GA, HI, IL, IA, ME, MD, MA, MI, MO, MT, NE, NV, NH, NJ, NM, NY, NC, ND, OH, OK, OR, PA, RI, SD, TN, TX, UT, VT, VA, WA, WI, WY",BMI25TO29_MED,New Hampshire,NH
,Medical Condition?,NO,,,,,,,,,,,,,,,,,,,,,,Massachusetts,MA,yes,,(6% Fee) Combo Tirzepatide 24mg + NAD,"$1,654.66",https://buy.stripe.com/7sI9BE26x39xe76exV,"AZ, CO, CT, DE, FL, GA, HI, IL, IA, ME, MD, MA, MI, MO, MT, NE, NV, NH, NJ, NM, NY, NC, ND, OH, OK, OR, PA, RI, SD, TN, TX, UT, VT, VA, WA, WI, WY",BMI25TO29_MED,New Jersey,NJ
,,,,,,,,,,Sales Calculator,,,,COUPONS,,,,,,,,,,Michigan,MI,yes,,Combo Semaglutide 7mg + NAD,"$1,640.00",https://buy.stripe.com/6oEbJMdPfaBZ7II1UK,"AZ, CO, CT, DE, FL, GA, HI, IL, IA, ME, MD, MA, MO, MT, NE, NV, NH, NJ, NM, NY, NC, ND, OH, OK, OR, PA, RI, SD, TN, TX, UT, VT, VA, WA, WI, WY",BMI25TO29_MED,New Mexico,NM
,BMI 25 - 29.9 Medical Condition Required:,,,"* If the patient is already using a GLP-1 and provides a previous prescription along with the last dose and date, approval can be granted accordingly.",,,,,,Product,Amount ($),,,Referral 5%,5.00%,SLXJN7IG,,1 Arizona,1 Arizona,,,,,Minnesota,MN,yes,,(6% Fee) Semaglutide 7mg +  3 Months Nutritional + 2 Slim Boost,"$1,606.97",https://buy.stripe.com/bJeaEW7nx4kXfjDg0p0JI1x,"AZ, CA, CO, CT, DE, FL, GA, HI, IL, IN, IA, ME, MD, MA, MI, MN, MO, MT, NE, NV, NH, NJ, NM, NY, NC, ND, OH, OK, OR, PA, RI, SC, SD, TN, TX, UT, VT, VA, WA, WI, WY",BMI25TO29_MED,New York,NY
,High blood pressure (hypertension),,,,,,,,,Tirzepatide 52mg,"$1,299.00",,,Repurchase 5%,5.00%,SLXJN7IG,,1 Arizona,1 Arizona,,,,,Mississippi,MS,no,,(6% Fee) Tirzepatide 52mg + Nutritional Consultation,"$1,587.88",https://buy.stripe.com/6oU3cu8rB18L4EZ8xX0JH29,"AZ, CO, CT, DE, FL, GA, HI, IL, IA, ME, MD, MA, MI, MO, MT, NE, NV, NH, NJ, NM, NY, NC, ND, OH, OK, OR, PA, RI, SD, TN, TX, UT, VT, VA, WA, WI, WY",BMI25TO29_MED,North Dakota,ND
,Dyslipidemia or Hyperlipidemia (high cholesterol or abnormal lipid levels),,,,,,,,,,$0.00,,,Repurchase 5%,10.00%,IHV6DM5R,,1 Arizona,1 Arizona,,,,,Missouri,MO,yes,,Combo Tirzepatide 60mg,"$1,587.00",https://buy.stripe.com/28oaFI12taBZ7II3V5,"AZ, CO, CT, DE, FL, GA, HI, IL, IA, ME, MD, MA, MI, MO, MT, NE, NV, NH, NJ, NM, NY, NC, ND, OH, OK, OR, PA, RI, SD, TN, TX, UT, VT, VA, WA, WI, WY",BMI25TO29_MED,Ohio,OH
,Obstructive sleep apnea (OSA),,,,,,,,,,$0.00,,,,,,,1 Arizona,1 Arizona,,,,,Montana,MT,yes,,(6% Fee) Tirzepatide 52mg + 2 Slim Boost,"$1,565.62",https://buy.stripe.com/3cs4hk6mN25t3ss1Rt,"AZ, CO, CT, DE, FL, GA, HI, IL, IA, ME, MD, MA, MI, MO, MT, NE, NV, NH, NJ, NM, NY, NC, ND, OH, OK, OR, PA, RI, SD, TN, TX, UT, VT, VA, WA, WI, WY",BMI25TO29_MED,,
,Non-alcoholic fatty liver disease (NAFLD),,,,,,,,,,$0.00,,,Partial Payment Coupons AFTERPAY,,,,1 Arizona,1 Arizona,,,,,Nebraska,NE,yes,,Combo Tirzepatide 24mg + NAD,"$1,561.00",https://buy.stripe.com/eVadRU3aB9xVaUU61o,"AZ, CO, CT, DE, FL, GA, HI, IL, IA, ME, MD, MA, MI, MO, MT, NE, NV, NH, NJ, NM, NY, NC, ND, OH, OK, OR, PA, RI, SD, TN, TX, UT, VT, VA, WA, WI, WY",BMI25TO29_MED,Oklahoma,OK
,Osteoarthritis,,,,,,,,,,$0.00,,,PARTIAL PAYMENT DISCOUNT,10.00%,J9TKDLDJ,,1 Arizona,1 Arizona,,,,,Nevada,NV,yes,,(6% Fee) Combo Semaglutide 3mg + NAD,"$1,538.06",https://buy.stripe.com/fZeeVYaD35hF4ww2P7,"AZ, CO, CT, DE, FL, GA, HI, IL, IA, ME, MD, MA, MO, MT, NE, NV, NH, NJ, NM, NY, NC, ND, OH, OK, OR, PA, RI, SD, TN, TX, UT, VT, VA, WA, WI, WY",BMI25TO29_MED,Oregon,OR
,Gastroesophageal reflux disease (GERD),,,,,,,,,,$0.00,,,PARTIAL PAYMENT DISCOUNT,20.00%,SNDN34CX,,1 Arizona,1 Arizona,,,,,New Hampshire,NH,yes,,Semaglutide 7mg +  3 Months Nutritional + 2 Slim Boost,"$1,516.01",https://buy.stripe.com/00wcN46jt4kX5J33dD0JI1v,"AZ, CA, CO, CT, DE, FL, GA, HI, IL, IN, IA, ME, MD, MA, MI, MN, MO, MT, NE, NV, NH, NJ, NM, NY, NC, ND, OH, OK, OR, PA, RI, SC, SD, TN, TX, UT, VT, VA, WA, WI, WY",BMI25TO29_MED,Pennsylvania,PA
,Polycystic ovarian syndrome (PCOS),,,,,,,,,Sales Total,"$1,299.00",,,PARTIAL PAYMENT DISCOUNT,30.00%,GVK44L33,,1 Arizona,1 Arizona,,,,,New Jersey,NJ,yes,,Tirzepatide 52mg + Nutritional Consultation,"$1,498.00",https://buy.stripe.com/5kQ00idLV8Bd1sN15v0JH28,"AZ, CO, CT, DE, FL, GA, HI, IL, IA, ME, MD, MA, MI, MO, MT, NE, NV, NH, NJ, NM, NY, NC, ND, OH, OK, OR, PA, RI, SD, TN, TX, UT, VT, VA, WA, WI, WY",BMI25TO29_MED,Rhode Island,RI
,Prediabetes / Diabetes type 2,,,,,,,,,,,,,PARTIAL PAYMENT DISCOUNT,40.00%,ZM4L5732,,1 Arizona,1 Arizona,,,,,New Mexico,NM,yes,,Tirzepatide 52mg + 2 Slim Boost,"$1,477.00",https://buy.stripe.com/8wMeVYh1r7pNd329jT,"AZ, CO, CT, DE, FL, GA, HI, IL, IA, ME, MD, MA, MI, MO, MT, NE, NV, NH, NJ, NM, NY, NC, ND, OH, OK, OR, PA, RI, SD, TN, TX, UT, VT, VA, WA, WI, WY",BMI25TO29_MED,South Dakota,SD
,COPD or Exercise-induced asthma,,,,,,,,,,,,,PARTIAL PAYMENT DISCOUNT,50.00%,FZ3FPG7G,,1 Arizona,1 Arizona,,,,,New York,NY,yes,,(6%Fee) Nutrition Consultation - 12 Months,"$1,461.91",https://buy.stripe.com/fZu9ASbDN6t55J3g0p0JJ3S,ALL,ALL,Tennessee,TN
,Irritable bowel disease (IBD),,,,,,,,,,,,,PARTIAL PAYMENT DISCOUNT,60.00%,FFZX3667,,1 Arizona,1 Arizona,,,,,North Carolina,NC,yes,,Combo Semaglutide 3mg + NAD,"$1,451.00",https://buy.stripe.com/14k29ch1rh0nfba3Ta,"AZ, CO, CT, DE, FL, GA, HI, IL, IA, ME, MD, MA, MO, MT, NE, NV, NH, NJ, NM, NY, NC, ND, OH, OK, OR, PA, RI, SD, TN, TX, UT, VT, VA, WA, WI, WY",BMI25TO29_MED,Texas,TX
,Increased risk of heart attack or stroke,,,,,,,,,,,,,PARTIAL PAYMENT DISCOUNT,70.00%,5ZTEZXUR,,,,,,,,North Dakota,ND,yes,,(6% Fee) Combo Tirzepatide 8mg + NAD,"$1,442.66",https://buy.stripe.com/14k4hkcLbfWjaUUdtP,"AZ, CO, CT, DE, FL, GA, HI, IL, IA, ME, MD, MA, MI, MO, MT, NE, NV, NH, NJ, NM, NY, NC, ND, OH, OK, OR, PA, RI, SD, TN, TX, UT, VT, VA, WA, WI, WY",BMI25TO29_MED,Utah,UT
,Asian descent with a BMI between 23 and 29.9,,,,,,,,,,,,,PARTIAL PAYMENT DISCOUNT,80.00%,YHKK29YD,,,,,,,,Ohio,OH,yes,,Nutrition Consultation - 12 Months,"$1,379.16",https://buy.stripe.com/eVq4gybDN4kXdbv6pP0JH25,ALL,ALL,Vermont,VT
,,,,,,,,,,,,,,PARTIAL PAYMENT DISCOUNT,90.00%,WWRQXUG9,,,,,,,,Oklahoma,OK,yes,,(6% Fee) Tirzepatide 52mg,"$1,376.94",https://buy.stripe.com/6oE9BEh1reSf9QQdtH,"AZ, CO, CT, DE, FL, GA, HI, IL, IA, ME, MD, MA, MI, MO, MT, NE, NV, NH, NJ, NM, NY, NC, ND, OH, OK, OR, PA, RI, SD, TN, TX, UT, VT, VA, WA, WI, WY",BMI25TO29_MED,Virginia,VA
,,,,,,,,,,,,,,,,,,,,,,,,Oregon,OR,yes,,Combo Tirzepatide 8mg + NAD,"$1,361.00",https://buy.stripe.com/8wM3dg3aBcK73ssahC,"AZ, CO, CT, DE, FL, GA, HI, IL, IA, ME, MD, MA, MI, MO, MT, NE, NV, NH, NJ, NM, NY, NC, ND, OH, OK, OR, PA, RI, SD, TN, TX, UT, VT, VA, WA, WI, WY",BMI25TO29_MED,Washington,WA
,,,,,,,,,,,,,,,,,,,,,,,,Pennsylvania,PA,yes,,(6% Fee) Combo Semaglutide 7mg,"$1,341.96",https://buy.stripe.com/00g9BE6mNh0nbYY7f9,"AZ, CA, CO, CT, DE, FL, GA, HI, IL, IN, IA, ME, MD, MA, MI, MN, MO, MT, NE, NV, NH, NJ, NM, NY, NC, ND, OH, OK, OR, PA, RI, SC, SD, TN, TX, UT, VT, VA, WA, WI, WY",BMI25TO29_MED,Wisconsin,WI
,Product,Price,Link,,,,Supplements,,Price,,Link,,,,,,,,,,,,,Rhode Island,RI,yes,,Tirzepatide 52mg,"$1,299.00",https://buy.stripe.com/eVa6pseTjcK7e76dsQ,"AZ, CO, CT, DE, FL, GA, HI, IL, IA, ME, MD, MA, MI, MO, MT, NE, NV, NH, NJ, NM, NY, NC, ND, OH, OK, OR, PA, RI, SD, TN, TX, UT, VT, VA, WA, WI, WY",BMI25TO29_MED,Wyoming,WY
,(6% Fee) Nutrition Consultation - 12 Months + 6 Slim Boost,"$2,027.95",https://buy.stripe.com/cNi00i0Z904H3AV6pP0JJ2h,,,,Slim Boost,,$89.00,,https://dharmanutritionclinic.com/collections/supplements?sca_ref=6356953.pSmeLUIE3F,,,,,,,,,,,,,South Carolina,SC,yes,,Combo Semaglutide 7mg,"$1,266.00",https://buy.stripe.com/9AQ8xA7qR25t8MMard,"AZ, CA, CO, CT, DE, FL, GA, HI, IL, IN, IA, ME, MD, MA, MI, MN, MO, MT, NE, NV, NH, NJ, NM, NY, NC, ND, OH, OK, OR, PA, RI, SC, SD, TN, TX, UT, VT, VA, WA, WI, WY",BMI25TO29_MED,,
,Nutrition Consultation - 12 Months + 6 Slim Boost,"$1,913.16",https://buy.stripe.com/3cIfZgePZeZB5J3eWl0JJ2d,,,,Ultra Cleanse Smoothie Greens,,$42.90,,https://dharmanutritionclinic.com/collections/supplements?sca_ref=6356953.pSmeLUIE3F,,,,,,,,,,,,,South Dakota,SD,yes,,(6% Fee) Combo Tirzepatide 24mg,"$1,258.22",https://buy.stripe.com/bIYg02h1r8tR0gggFQ,"AZ, CO, CT, DE, FL, GA, HI, IL, IA, ME, MD, MA, MI, MO, MT, NE, NV, NH, NJ, NM, NY, NC, ND, OH, OK, OR, PA, RI, SD, TN, TX, UT, VT, VA, WA, WI, WY",BMI25TO29_MED,,
,(6%Fee) Nutrition Consultation - 12 Months,"$1,461.91",https://buy.stripe.com/fZu9ASbDN6t55J3g0p0JJ3S,,,,L-Glutamine Powder,,$39.90,,https://dharmanutritionclinic.com/collections/supplements?sca_ref=6356953.pSmeLUIE3F,,,,,,,,,,,,,Tennessee,TN,yes,,Combo Tirzepatide 24mg,"$1,187.00",https://buy.stripe.com/cN28xA5iJdOb9QQ1KT,"AZ, CO, CT, DE, FL, GA, HI, IL, IA, ME, MD, MA, MI, MO, MT, NE, NV, NH, NJ, NM, NY, NC, ND, OH, OK, OR, PA, RI, SD, TN, TX, UT, VT, VA, WA, WI, WY",BMI25TO29_MED,,
,Nutrition Consultation - 12 Months,"$1,379.16",https://buy.stripe.com/eVq4gybDN4kXdbv6pP0JH25,,,,Brain & Focus Formula,,$39.90,,https://dharmanutritionclinic.com/collections/supplements?sca_ref=6356953.pSmeLUIE3F,,,,,,,,,,,,,Texas,TX,yes,,Combo Semaglutide 10mg,"$1,177.00",https://buy.stripe.com/9AQdRU7qRaBZ6EE3UO,"AZ, CA, CO, CT, DE, FL, GA, HI, IL, IN, IA, ME, MD, MA, MI, MN, MO, MT, NE, NV, NH, NJ, NM, NY, NC, ND, OH, OK, OR, PA, RI, SC, SD, TN, TX, UT, VT, VA, WA, WI, WY",BMI25TO29_MED,,
,(6% Fee) Nutrition Consultation - 6 Months + 3 Slim Boost,"$1,130.87",https://buy.stripe.com/3cI9AS23d3gT3AV7tT0JJ2g,,,,Energy Strips,,$36.50,,https://dharmanutritionclinic.com/collections/supplements?sca_ref=6356953.pSmeLUIE3F,,,,,,,,,,,,,Utah,UT,yes,,(6% Fee) Tirzepatide 24mg + Nutritional Consultation,"$1,163.88",https://buy.stripe.com/bJe9ASgY7bNp9Zj8xX0JH2f,"AZ, CO, CT, DE, FL, GA, HI, IL, IA, ME, MD, MA, MI, MO, MT, NE, NV, NH, NJ, NM, NY, NC, ND, OH, OK, OR, PA, RI, SD, TN, TX, UT, VT, VA, WA, WI, WY",BMI25TO29_MED,,
,Nutrition Consultation - 6 Months + 3 Slim Boost,"$1,066.86",https://buy.stripe.com/9B6cN4ePZbNpfjD4hH0JJ2c,,,,Sleep Strips,,$36.50,,https://dharmanutritionclinic.com/collections/supplements?sca_ref=6356953.pSmeLUIE3F,,,,,,,,,,,,,Vermont,VT,yes,,(6% Fee) Semaglutide 7mg + Nutritional Consultation,"$1,153.28",https://buy.stripe.com/aFa28q7nx8Bd0oJ01r0JH2h,"AZ, CA, CO, CT, DE, FL, GA, HI, IL, IN, IA, ME, MD, MA, MI, MN, MO, MT, NE, NV, NH, NJ, NM, NY, NC, ND, OH, OK, OR, PA, RI, SC, SD, TN, TX, UT, VT, VA, WA, WI, WY",BMI25TO29_MED,,
,(6%Fee) Nutrition Consultation - 6 Months,$847.85,https://buy.stripe.com/dRm00i6jtcRt2wR6pP0JJ3R,,,,Grass-Fed Hydrolyzed Collagen Peptides,,$35.90,,https://dharmanutritionclinic.com/collections/supplements?sca_ref=6356953.pSmeLUIE3F,,,,,,,,,,,,,Virginia,VA,yes,,(6% Fee) Tirzepatide - Microdose + 2 months Nutrition Consultation + Slim Boost,"$1,151.16",https://buy.stripe.com/4gMaEWazJ9Fh3AVcOd0JL1B,"AZ, CO, CT, DE, FL, GA, HI, IL, IA, ME, MD, MA, MI, MO, MT, NE, NV, NH, NJ, NM, NY, NC, ND, OH, OK, OR, PA, RI, SD, TN, TX, UT, VT, VA, WA, WI, WY",GT18,,
,Nutrition Consultation - 6 Months,$799.86,https://buy.stripe.com/aFa14mazJ2cPb3n9C10JH24,,,,Grass-Fed Collagen Creamer (Vanilla),,$35.90,,https://dharmanutritionclinic.com/collections/supplements?sca_ref=6356953.pSmeLUIE3F,,,,,,,,,,,,,Washington,WA,yes,,(6% Fee) Combo Semaglutide 3mg,"$1,141.62",https://buy.stripe.com/cN2aFI3aB8tR3ss2OI,"AZ, CA, CO, CT, DE, FL, GA, HI, IL, IN, IA, ME, MD, MA, MI, MN, MO, MT, NE, NV, NH, NJ, NM, NY, NC, ND, OH, OK, OR, PA, RI, SC, SD, TN, TX, UT, VT, VA, WA, WI, WY",BMI25TO29_MED,,
,(6% Fee) Nutrition Consultation - 3 Months + 2 Slim Boost,$664.62,https://buy.stripe.com/28EbJ0cHR2cPdbvbK90JJ2f,,,,Grass-Fed Collagen Peptides Powder (Chocolate),,$35.90,,https://dharmanutritionclinic.com/collections/supplements?sca_ref=6356953.pSmeLUIE3F,,,,,,,,,,,,,West Virginia,WV,no,,(6% Fee) Semaglutide 7mg + 2 Slim Boost,"$1,131.02",https://buy.stripe.com/00geVY26x39xbYY2YU,"AZ, CA, CO, CT, DE, FL, GA, HI, IL, IN, IA, ME, MD, MA, MI, MN, MO, MT, NE, NV, NH, NJ, NM, NY, NC, ND, OH, OK, OR, PA, RI, SC, SD, TN, TX, UT, VT, VA, WA, WI, WY",BMI25TO29_MED,,
,Nutrition Consultation - 3 Months + 2 Slim Boost,$627.01,https://buy.stripe.com/bJedR8azJdVx7Rb9C10JJ2b,,,,Greens Superfood,,$35.90,,https://dharmanutritionclinic.com/collections/supplements?sca_ref=6356953.pSmeLUIE3F,,,,,,,,,,,,,Wisconsin,WI,yes,,(6% Fee) Nutrition Consultation - 6 Months + 3 Slim Boost,"$1,130.87",https://buy.stripe.com/3cI9AS23d3gT3AV7tT0JJ2g,ALL,ALL,,
,(6%Fee) Nutrition Consultation - 3 Months,$475.95,https://buy.stripe.com/9B628qgY718L2wRcOd0JJ3Q,,,,Colon Gentle Cleanse,,$35.00,,https://dharmanutritionclinic.com/collections/supplements?sca_ref=6356953.pSmeLUIE3F,,,,,,,,,,,,,Wyoming,WY,yes,,Tirzepatide 24mg + Nutritional Consultation,"$1,098.00",https://buy.stripe.com/5kQ3cucHR9Fh3AV15v0JH2a,"AZ, CO, CT, DE, FL, GA, HI, IL, IA, ME, MD, MA, MI, MO, MT, NE, NV, NH, NJ, NM, NY, NC, ND, OH, OK, OR, PA, RI, SD, TN, TX, UT, VT, VA, WA, WI, WY",BMI25TO29_MED,,
,Nutrition Consultation - 3 Months,$449.01,https://buy.stripe.com/00w8wO7nxaJl1sNeWl0JH23,,,,Mushroom Extract Complex,,$34.90,,https://dharmanutritionclinic.com/collections/supplements?sca_ref=6356953.pSmeLUIE3F,,,,,,,,,,,,,,,,,(6% Fee) Semaglutide 7mg + Nutritional Consultation,"$1,088.00",https://buy.stripe.com/cNiaEWcHRcRtb3neWl0JH2c,"AZ, CA, CO, CT, DE, FL, GA, HI, IL, IN, IA, ME, MD, MA, MI, MN, MO, MT, NE, NV, NH, NJ, NM, NY, NC, ND, OH, OK, OR, PA, RI, SC, SD, TN, TX, UT, VT, VA, WA, WI, WY",BMI25TO29_MED,,
,NOT CLIENT (6% Fee) Nutrition Consultation + Slim Boost,$359.34,https://buy.stripe.com/00gg029yZ8tR2ooctP,,,,Diet Drops Ultra 1 oz,,$32.90,,https://dharmanutritionclinic.com/collections/supplements?sca_ref=6356953.pSmeLUIE3F,,,,,,,,,,,,,,,,,Tirzepatide - Microdose + 2 months Nutrition Consultation + Slim Boost,"$1,086.00",https://buy.stripe.com/00wfZgfU3eZB6N75lL0JL1A,"AZ, CO, CT, DE, FL, GA, HI, IL, IA, ME, MD, MA, MI, MO, MT, NE, NV, NH, NJ, NM, NY, NC, ND, OH, OK, OR, PA, RI, SD, TN, TX, UT, VT, VA, WA, WI, WY",GT18,,
,NOT CLIENT Nutrition Consultation + Slim Boost,$339.00,https://buy.stripe.com/8wM29c9yZ25t3ss3Xi,,,,Reds Superfood,,$30.00,,https://dharmanutritionclinic.com/collections/supplements?sca_ref=6356953.pSmeLUIE3F,,,,,,,,,,,,,,,,,Combo Semaglutide 3mg,"$1,077.00",https://buy.stripe.com/4gw7tw12th0n6EE2OE,"AZ, CA, CO, CT, DE, FL, GA, HI, IL, IN, IA, ME, MD, MA, MI, MN, MO, MT, NE, NV, NH, NJ, NM, NY, NC, ND, OH, OK, OR, PA, RI, SC, SD, TN, TX, UT, VT, VA, WA, WI, WY",BMI25TO29_MED,,
,(6% Fee) Nutrition Consultation + Slim Boost,$305.28,https://buy.stripe.com/6oE4hk3aB5hF0ggalJ,,,,Bone & Heart Support,,$29.90,,https://dharmanutritionclinic.com/collections/supplements?sca_ref=6356953.pSmeLUIE3F,,,,,,,,,,,,,,,,,Semaglutide 7mg + 2 Slim Boost,"$1,067.00",https://buy.stripe.com/6oE8xA12tfWjfba56S,"AZ, CA, CO, CT, DE, FL, GA, HI, IL, IN, IA, ME, MD, MA, MI, MN, MO, MT, NE, NV, NH, NJ, NM, NY, NC, ND, OH, OK, OR, PA, RI, SC, SD, TN, TX, UT, VT, VA, WA, WI, WY",BMI25TO29_MED,,
,Nutrition Consultation + Slim Boost,$288.00,https://buy.stripe.com/3cs7tw4eFaBZ3ss2Tg,,,,"Hair, Skin and Nails Essentials",,$25.99,,https://dharmanutritionclinic.com/collections/supplements?sca_ref=6356953.pSmeLUIE3F,,,,,,,,,,,,,,,,,Nutrition Consultation - 6 Months + 3 Slim Boost,"$1,066.86",https://buy.stripe.com/9B6cN4ePZbNpfjD4hH0JJ2c,ALL,ALL,,
,NOT CLIENT (6% Fee) Nutrition Consultation,$265.00,https://buy.stripe.com/8wM158cLb4dBd32b0P,,,,Probiotic 40 Billion with Prebiotics,,$25.90,,https://dharmanutritionclinic.com/collections/supplements?sca_ref=6356953.pSmeLUIE3F,,,,,,,,,,,,,,,,,(6% Fee) Semaglutide 3mg + Nutritional Consultation,"$1,047.28",https://buy.stripe.com/4gM5kC4bldVx3AVeWl0JH2i,"AZ, CA, CO, CT, DE, FL, GA, HI, IL, IN, IA, ME, MD, MA, MI, MN, MO, MT, NE, NV, NH, NJ, NM, NY, NC, ND, OH, OK, OR, PA, RI, SC, SD, TN, TX, UT, VT, VA, WA, WI, WY",BMI25TO29_MED,,
,NOT CLIENT Nutrition Consultation,$250.00,https://buy.stripe.com/9AQaFIeTj4dB5AA0m9,,,,Complete Multivitamin,,$25.90,,https://dharmanutritionclinic.com/collections/supplements?sca_ref=6356953.pSmeLUIE3F,,,,,,,,,,,,,,,,,(6% Fee) Tirzepatide 24mg + Slim Boost,"$1,047.28",https://buy.stripe.com/bIY014eTjh0n7IIfBL,"AZ, CO, CT, DE, FL, GA, HI, IL, IA, ME, MD, MA, MI, MO, MT, NE, NV, NH, NJ, NM, NY, NC, ND, OH, OK, OR, PA, RI, SD, TN, TX, UT, VT, VA, WA, WI, WY",BMI25TO29_MED,,
,Cashmere Cream,$229.00,https://dharmanutritionclinic.com/products/cashmere-cream,,,,Max Detox (Acai detox),,$24.90,,https://dharmanutritionclinic.com/collections/supplements?sca_ref=6356953.pSmeLUIE3F,,,,,,,,,,,,,,,,,(6% Fee) Combo Tirzepatide 8mg,"$1,046.22",https://buy.stripe.com/6oE5loeTjdOb6EEfBH,"AZ, CO, CT, DE, FL, GA, HI, IL, IA, ME, MD, MA, MI, MO, MT, NE, NV, NH, NJ, NM, NY, NC, ND, OH, OK, OR, PA, RI, SD, TN, TX, UT, VT, VA, WA, WI, WY",BMI25TO29_MED,,
,(6% Fee) Nutrition Consultation,$210.94,https://buy.stripe.com/7sIeVYh1r25t3ss02p,,,,Digestive Enzyme Pro Blend,,$24.90,,https://dharmanutritionclinic.com/collections/supplements?sca_ref=6356953.pSmeLUIE3F,,,,,,,,,,,,,,,,,(6% Fee) Semaglutide - Microdose + 2 Months Nutrition + Slim Boost,"$1,034.55",https://buy.stripe.com/3cI14mazJaJldbv29z0JL1u,"AZ, CA, CO, CT, DE, FL, GA, HI, IL, IN, IA, ME, MD, MA, MI, MN, MO, MT, NE, NV, NH, NJ, NM, NY, NC, ND, OH, OK, OR, PA, RI, SC, SD, TN, TX, UT, VT, VA, WA, WI, WY",GT18,,
,Nutrition Consultation,$199.00,https://buy.stripe.com/dR67tw6mN25t2oo7uQ,,,,"Vitamin D3 2,000 IU",,$24.90,,https://dharmanutritionclinic.com/collections/supplements?sca_ref=6356953.pSmeLUIE3F,,,,,,,,,,,,,,,,,Semaglutide 3mg + Nutritional Consultation,$988.00,https://buy.stripe.com/5kQ3cu0Z96t5b3n6pP0JH2d,"AZ, CA, CO, CT, DE, FL, GA, HI, IL, IN, IA, ME, MD, MA, MI, MN, MO, MT, NE, NV, NH, NJ, NM, NY, NC, ND, OH, OK, OR, PA, RI, SC, SD, TN, TX, UT, VT, VA, WA, WI, WY",BMI25TO29_MED,,
,(6% Fee) Slim Boost,$94.34,https://buy.stripe.com/28E00i5fp5p13AV7tT0JM2T,,,,Sleep Well Gummies (Adult),,$24.90,,https://dharmanutritionclinic.com/collections/supplements?sca_ref=6356953.pSmeLUIE3F,,,,,,,,,,,,,,,,,Tirzepatide 24mg + Slim Boost,$988.00,https://buy.stripe.com/4gw5lo12t4dB2oobls,"AZ, CO, CT, DE, FL, GA, HI, IL, IA, ME, MD, MA, MI, MO, MT, NE, NV, NH, NJ, NM, NY, NC, ND, OH, OK, OR, PA, RI, SD, TN, TX, UT, VT, VA, WA, WI, WY",BMI25TO29_MED,,
,Slim Boost,$89.00,https://buy.stripe.com/9B64gyazJ8BddbvbK90JM2S,,,,Turmeric Gummies,,$22.90,,https://dharmanutritionclinic.com/collections/supplements?sca_ref=6356953.pSmeLUIE3F,,,,,,,,,,,,,,,,,Combo Tirzepatide 8mg,$987.00,https://buy.stripe.com/00g8xA8uVdOb7II614,"AZ, CO, CT, DE, FL, GA, HI, IL, IA, ME, MD, MA, MI, MO, MT, NE, NV, NH, NJ, NM, NY, NC, ND, OH, OK, OR, PA, RI, SD, TN, TX, UT, VT, VA, WA, WI, WY",BMI25TO29_MED,,
,Anti-Nausea Consult / Ondansetron,$29.90,https://buy.stripe.com/7sYdR86jtbNp0oJeWl0JN2B,,,,Maca Plus,,$19.90,,https://dharmanutritionclinic.com/collections/supplements?sca_ref=6356953.pSmeLUIE3F,,,,,,,,,,,,,,,,,Semaglutide - Microdose + 2 Months Nutrition + Slim Boost,$976.00,https://buy.stripe.com/28EeVc7nxaJlb3neWl0JL1t,"AZ, CA, CO, CT, DE, FL, GA, HI, IL, IN, IA, ME, MD, MA, MI, MN, MO, MT, NE, NV, NH, NJ, NM, NY, NC, ND, OH, OK, OR, PA, RI, SC, SD, TN, TX, UT, VT, VA, WA, WI, WY",GT18,,
,Ultra Cleanse Smoothie Greens,$42.90,,,,,Multivitamin Bear Gummies (Adult),,$19.90,,https://dharmanutritionclinic.com/collections/supplements?sca_ref=6356953.pSmeLUIE3F,,,,,,,,,,,,,,,,,(6% Fee)Tirzepatide 24mg,$952.94,https://buy.stripe.com/6oEaFI26xfWj4ww9dm,"AZ, CO, CT, DE, FL, GA, HI, IL, IA, ME, MD, MA, MI, MO, MT, NE, NV, NH, NJ, NM, NY, NC, ND, OH, OK, OR, PA, RI, SD, TN, TX, UT, VT, VA, WA, WI, WY",BMI25TO29_MED,,
,Brain & Focus Formula,$39.90,,,,,Joint Support Gummies (Adult),,$19.90,,https://dharmanutritionclinic.com/collections/supplements?sca_ref=6356953.pSmeLUIE3F,,,,,,,,,,,,,,,,,(6% Fee) Tirzepatide 8mg + Nutritional Consultation,$951.88,https://buy.stripe.com/14AcN47nxcRtfjD9C10JH2g,"AZ, CO, CT, DE, FL, GA, HI, IL, IA, ME, MD, MA, MI, MO, MT, NE, NV, NH, NJ, NM, NY, NC, ND, OH, OK, OR, PA, RI, SD, TN, TX, UT, VT, VA, WA, WI, WY",BMI25TO29_MED,,
,L-Glutamine Powder,$39.90,,,,,Detox Tea,,$15.99,,https://dharmanutritionclinic.com/collections/supplements?sca_ref=6356953.pSmeLUIE3F,,,,,,,,,,,,,,,,,(6% Fee) Lipo-Mino - 3 months,$942.34,https://buy.stripe.com/aFa5kCgY78BdgnHeWl0JH0E,"AZ, CO, CT, DE, FL, GA, HI, IL, IA, ME, MD, MI, MO, MT, NE, NV, NH, NJ, NM, NY, NC, ND, OH, OK, OR, PA, RI, SD, TN, TX, UT, VT, VA, WA, WI, WY",ALL,,
,Energy Strips,$36.50,,,,,,,,,,,,,,,,,,,,,,,,,,(6% Fee) NAD+ - 3 months,$942.34,https://buy.stripe.com/6oU6oGazJdVx2wR6pP0JH0G,"AZ, CO, CT, DE, FL, GA, HI, IL, IA, LA, ME, MD, MA, MI, MO, MT, NE, NV, NH, NJ, NM, NY, NC, ND, OH, OK, OR, PA, RI, SD, TN, TX, UT, VT, VA, WA, WI, WY",ALL,,
,Sleep Strips,$36.50,,,,,,,,,,,,,,,,,,,,,,,,,,(6% Fee) Semaglutide 7mg,$942.34,https://buy.stripe.com/cN28xAfXnbG3fbablj,"AZ, CA, CO, CT, DE, FL, GA, HI, IL, IN, IA, ME, MD, MA, MI, MN, MO, MT, NE, NV, NH, NJ, NM, NY, NC, ND, OH, OK, OR, PA, RI, SC, SD, TN, TX, UT, VT, VA, WA, WI, WY",BMI25TO29_MED,,
,Grass-Fed Collagen Creamer (Vanilla),$35.90,,,,,,,,,,,,,,,,,,,,,,,,,,(6% Fee) Tirzepatide - Microdose + Nutrition Consultation + Slim Boost,$940.22,https://buy.stripe.com/5kQ4gy37h4kX6N715v0JL1z,"AZ, CO, CT, DE, FL, GA, HI, IL, IA, ME, MD, MA, MI, MO, MT, NE, NV, NH, NJ, NM, NY, NC, ND, OH, OK, OR, PA, RI, SD, TN, TX, UT, VT, VA, WA, WI, WY",GT18,,
,Grass-Fed Collagen Peptides Powder (Chocolate),$35.90,,,,,,,,,,,,,,,,,,,,,,,,,,(6% Fee) Semaglutide 3mg + Slim Boost,$930.68,https://buy.stripe.com/7sI29c8uV7pNd322OG,"AZ, CA, CO, CT, DE, FL, GA, HI, IL, IN, IA, ME, MD, MA, MI, MN, MO, MT, NE, NV, NH, NJ, NM, NY, NC, ND, OH, OK, OR, PA, RI, SC, SD, TN, TX, UT, VT, VA, WA, WI, WY",BMI25TO29_MED,,
,Grass-Fed Hydrolyzed Collagen Peptides,$35.90,,,,,,,,,,,,,,,,,,,,,,,,,,(6% Fee) Combo Semaglutide 1mg,$929.62,https://buy.stripe.com/5kA9BE6mN9xVaUU4WK,"AZ, CA, CO, CT, DE, FL, GA, HI, IL, IN, IA, ME, MD, MA, MI, MN, MO, MT, NE, NV, NH, NJ, NM, NY, NC, ND, OH, OK, OR, PA, RI, SC, SD, TN, TX, UT, VT, VA, WA, WI, WY",BMI25TO29_MED,,
,Greens Superfood,$35.90,,,,,,,,,,,,,,,,,,,,,,,,,,Tirzepatide 24mg,$899.00,https://buy.stripe.com/3cseVY12t4dBbYYdsP,"AZ, CO, CT, DE, FL, GA, HI, IL, IA, ME, MD, MA, MI, MO, MT, NE, NV, NH, NJ, NM, NY, NC, ND, OH, OK, OR, PA, RI, SD, TN, TX, UT, VT, VA, WA, WI, WY",BMI25TO29_MED,,
,Colon Gentle Cleanse,$35.00,,,,,,,,,,,,,,,,,,,,,,,,,,Tirzepatide 8mg + Nutritional Consultation,$898.00,https://buy.stripe.com/cNicN49vFbNp7RbeWl0JH2b,"AZ, CO, CT, DE, FL, GA, HI, IL, IA, ME, MD, MA, MI, MO, MT, NE, NV, NH, NJ, NM, NY, NC, ND, OH, OK, OR, PA, RI, SD, TN, TX, UT, VT, VA, WA, WI, WY",BMI25TO29_MED,,
,Mushroom Extract Complex,$34.90,,,,,,,,,,,,,,,,,,,,,,,,,,Lipo-Mino - 3 months,$889.00,https://buy.stripe.com/fZu4gy7nxaJl7RbdSh0JH0D,"AZ, CO, CT, DE, FL, GA, HI, IL, IA, ME, MD, MI, MO, MT, NE, NV, NH, NJ, NM, NY, NC, ND, OH, OK, OR, PA, RI, SD, TN, TX, UT, VT, VA, WA, WI, WY",ALL,,
,Diet Drops Ultra 1 oz,$32.90,,,,,,,,,,,,,,,,,,,,,,,,,,NAD+ - 3 months,$889.00,https://buy.stripe.com/5kQ7sK7nxdVx4EZcOd0JH0F,"AZ, CO, CT, DE, FL, GA, HI, IL, IA, LA, ME, MD, MA, MI, MO, MT, NE, NV, NH, NJ, NM, NY, NC, ND, OH, OK, OR, PA, RI, SD, TN, TX, UT, VT, VA, WA, WI, WY",ALL,,
,Reds Superfood,$30.00,,,,,,,,,,,,,,,,,,,,,,,,,,Semaglutide 7mg,$889.00,https://buy.stripe.com/fZecNQdPf6lJ4ww60u,"AZ, CA, CO, CT, DE, FL, GA, HI, IL, IN, IA, ME, MD, MA, MI, MN, MO, MT, NE, NV, NH, NJ, NM, NY, NC, ND, OH, OK, OR, PA, RI, SC, SD, TN, TX, UT, VT, VA, WA, WI, WY",BMI25TO29_MED,,
,Bone & Heart Support,$29.90,,,,,,,,,,,,,,,,,,,,,,,,,,Tirzepatide - Microdose + Nutrition Consultation + Slim Boost,$887.00,https://buy.stripe.com/6oUfZgcHR9Fhdbv01r0JL1y,"AZ, CO, CT, DE, FL, GA, HI, IL, IA, ME, MD, MA, MI, MO, MT, NE, NV, NH, NJ, NM, NY, NC, ND, OH, OK, OR, PA, RI, SD, TN, TX, UT, VT, VA, WA, WI, WY",GT18,,
,"Hair, Skin and Nails Essentials",$25.99,,,,,,,,,,,,,,,,,,,,,,,,,,Semaglutide 3mg + Slim Boost,$878.00,https://buy.stripe.com/4gwcNQdPfaBZ4ww60P,"AZ, CA, CO, CT, DE, FL, GA, HI, IL, IN, IA, ME, MD, MA, MI, MN, MO, MT, NE, NV, NH, NJ, NM, NY, NC, ND, OH, OK, OR, PA, RI, SC, SD, TN, TX, UT, VT, VA, WA, WI, WY",BMI25TO29_MED,,
,Complete Multivitamin,$25.90,,,,,,,,,,,,,,,,,,,,,,,,,,Combo Semaglutide 1mg,$877.00,https://buy.stripe.com/cN29BEbH725t5AA9cY,"AZ, CA, CO, CT, DE, FL, GA, HI, IL, IN, IA, ME, MD, MA, MI, MN, MO, MT, NE, NV, NH, NJ, NM, NY, NC, ND, OH, OK, OR, PA, RI, SC, SD, TN, TX, UT, VT, VA, WA, WI, WY",BMI25TO29_MED,,
,Probiotic 40 Billion with Prebiotics,$25.90,,,,,,,,,,,,,,,,,,,,,,,,,,(6%Fee) Nutrition Consultation - 6 Months,$847.85,https://buy.stripe.com/dRm00i6jtcRt2wR6pP0JJ3R,ALL,ALL,,
,Digestive Enzyme Pro Blend,$24.90,,,,,,,,,,,,,,,,,,,,,,,,,,(6% Fee) Semaglutide 3mg,$836.34,https://buy.stripe.com/eVabJMbH7aBZ6EEgFx,"AZ, CA, CO, CT, DE, FL, GA, HI, IL, IN, IA, ME, MD, MA, MI, MN, MO, MT, NE, NV, NH, NJ, NM, NY, NC, ND, OH, OK, OR, PA, RI, SC, SD, TN, TX, UT, VT, VA, WA, WI, WY",BMI25TO29_MED,,
,Max Detox (Acai detox),$24.90,,,,,,,,,,,,,,,,,,,,,,,,,,(6% Fee) Tirzepatide 8mg + Slim Boost,$835.28,https://buy.stripe.com/6oE6psbH7eSffba75a,"AZ, CO, CT, DE, FL, GA, HI, IL, IA, ME, MD, MA, MI, MO, MT, NE, NV, NH, NJ, NM, NY, NC, ND, OH, OK, OR, PA, RI, SD, TN, TX, UT, VT, VA, WA, WI, WY",BMI25TO29_MED,,
,Sleep Well Gummies (Adult),$24.90,,,,,,,,,,,,,,,,,,,,,,,,,,(6% Fee) Semaglutide 1mg + Nutritional Consultation,$835.28,https://buy.stripe.com/dRm28qcHR18L2wReWl0JH2j,"AZ, CA, CO, CT, DE, FL, GA, HI, IL, IN, IA, ME, MD, MA, MI, MN, MO, MT, NE, NV, NH, NJ, NM, NY, NC, ND, OH, OK, OR, PA, RI, SC, SD, TN, TX, UT, VT, VA, WA, WI, WY",BMI25TO29_MED,,
,"Vitamin D3 2,000 IU",$24.90,,,,,,,,,,,,,,,,,,,,,,,,,,(6% Fee) Semaglutide - Microdose + Nutrition Consultation + Slim Boost,$823.62,https://buy.stripe.com/4gM4gy9vFeZB6N73dD0JL1s,"AZ, CA, CO, CT, DE, FL, GA, HI, IL, IN, IA, ME, MD, MA, MI, MN, MO, MT, NE, NV, NH, NJ, NM, NY, NC, ND, OH, OK, OR, PA, RI, SC, SD, TN, TX, UT, VT, VA, WA, WI, WY",GT18,,
,Turmeric Gummies,$22.90,,,,,,,,,,,,,,,,,,,,,,,,,,Nutrition Consultation - 6 Months,$799.86,https://buy.stripe.com/aFa14mazJ2cPb3n9C10JH24,ALL,ALL,,
,Joint Support Gummies (Adult),$19.90,,,,,,,,,,,,,,,,,,,,,,,,,,(6% Fee) GHK-Cu 3 Months,$792.88,https://buy.stripe.com/00weVc4bleZBfjDeWl0JO2d,"AZ, CA, CO, CT, DE, FL, GA, HI, IL, IA, ME, MD, MA, MI, MO, MT, NE, NV, NH, NJ, NM, NY, NC, ND, OH, OK, OR, PA, RI, SD, TN, TX, UT, VT, VA, WA, WI, WY",ALL,,
,Maca Plus,$19.90,,,,,,,,,,,,,,,,,,,,,,,,,,Semaglutide 3mg,$789.00,https://buy.stripe.com/00g158cLb25t5AA0G9,"AZ, CA, CO, CT, DE, FL, GA, HI, IL, IN, IA, ME, MD, MA, MI, MN, MO, MT, NE, NV, NH, NJ, NM, NY, NC, ND, OH, OK, OR, PA, RI, SC, SD, TN, TX, UT, VT, VA, WA, WI, WY",BMI25TO29_MED,,
,Multivitamin Bear Gummies (Adult),$19.90,,,,,,,,,,,,,,,,,,,,,,,,,,Semaglutide 1mg + Nutritional Consultation,$788.00,https://buy.stripe.com/7sYbJ00Z904HdbveWl0JH2e,"AZ, CA, CO, CT, DE, FL, GA, HI, IL, IN, IA, ME, MD, MA, MI, MN, MO, MT, NE, NV, NH, NJ, NM, NY, NC, ND, OH, OK, OR, PA, RI, SC, SD, TN, TX, UT, VT, VA, WA, WI, WY",BMI25TO29_MED,,
,Detox Tea,$15.99,,,,,,,,,,,,,,,,,,,,,,,,,,Tirzepatide 8mg + Slim Boost,$788.00,https://buy.stripe.com/00g3dg6mNfWjgfedtv,"AZ, CO, CT, DE, FL, GA, HI, IL, IA, ME, MD, MA, MI, MO, MT, NE, NV, NH, NJ, NM, NY, NC, ND, OH, OK, OR, PA, RI, SD, TN, TX, UT, VT, VA, WA, WI, WY",BMI25TO29_MED,,
,,,,,,,,,,,,,,,,,,,,,,,,,,,,Semaglutide - Microdose + Nutrition Consultation + Slim Boost,$777.00,https://buy.stripe.com/14AcN4cHR5p10oJ3dD0JL1r,"AZ, CA, CO, CT, DE, FL, GA, HI, IL, IN, IA, ME, MD, MA, MI, MN, MO, MT, NE, NV, NH, NJ, NM, NY, NC, ND, OH, OK, OR, PA, RI, SC, SD, TN, TX, UT, VT, VA, WA, WI, WY",GT18,,
,,,,,,,,,,,,,,,,,,,,,,,,,,,,GHK-Cu 3 Months,$748.00,https://buy.stripe.com/aFaaEW7nx6t5efzg0p0JO2c,"AZ, CA, CO, CT, DE, FL, GA, HI, IL, IA, ME, MD, MA, MI, MO, MT, NE, NV, NH, NJ, NM, NY, NC, ND, OH, OK, OR, PA, RI, SD, TN, TX, UT, VT, VA, WA, WI, WY",ALL,,
,,,,,,,,,,,,,,,,,,,,,,,,,,,,(6% Fee) Tirzepatide 8mg,$740.94,https://buy.stripe.com/9AQcNQh1r9xV4ww0GL,"AZ, CO, CT, DE, FL, GA, HI, IL, IA, ME, MD, MA, MI, MO, MT, NE, NV, NH, NJ, NM, NY, NC, ND, OH, OK, OR, PA, RI, SD, TN, TX, UT, VT, VA, WA, WI, WY",BMI25TO29_MED,,
,,,,,,,,,,,,,,,,,,,,,,,,,,,,(6% Fee) Semaglutide 1mg + Slim Boost,$718.68,https://buy.stripe.com/bIYcNQ7qR25t2oo74R,"AZ, CA, CO, CT, DE, FL, GA, HI, IL, IN, IA, ME, MD, MA, MI, MN, MO, MT, NE, NV, NH, NJ, NM, NY, NC, ND, OH, OK, OR, PA, RI, SC, SD, TN, TX, UT, VT, VA, WA, WI, WY",BMI25TO29_MED,,
,,,,,,,,,,,,,,,,,,,,,,,,,,,,(6% Fee) Combo NAD,$701.72,https://buy.stripe.com/14k1588uV8tR5AAawz,"AZ, CO, CT, DE, FL, GA, HI, IL, IA, LA, ME, MD, MA, MI, MO, MT, NE, NV, NH, NJ, NM, NY, NC, ND, OH, OK, OR, PA, RI, SD, TN, TX, UT, VT, VA, WA, WI, WY",ALL,,
,,,,,,,,,,,,,,,,,,,,,,,,,,,,(6% Fee) Combo Lipo-Mino,$701.72,https://buy.stripe.com/8x24gy4bl04HfjD6pP0JG3s,"AZ, CO, CT, DE, FL, GA, HI, IL, IA, ME, MD, MI, MO, MT, NE, NV, NH, NJ, NM, NY, NC, ND, OH, OK, OR, PA, RI, SD, TN, TX, UT, VT, VA, WA, WI, WY",ALL,,
,,,,,,,,,,,,,,,,,,,,,,,,,,,,Tirzepatide 8mg,$699.00,https://buy.stripe.com/cN20145iJeSfd32gF0,"AZ, CO, CT, DE, FL, GA, HI, IL, IA, ME, MD, MA, MI, MO, MT, NE, NV, NH, NJ, NM, NY, NC, ND, OH, OK, OR, PA, RI, SD, TN, TX, UT, VT, VA, WA, WI, WY",BMI25TO29_MED,,
,,,,,,,,,,,,,,,,,,,,,,,,,,,,Semaglutide 1mg + Slim Boost,$678.00,https://buy.stripe.com/aEU9BE8uV7pN0ggbl5,"AZ, CA, CO, CT, DE, FL, GA, HI, IL, IN, IA, ME, MD, MA, MI, MN, MO, MT, NE, NV, NH, NJ, NM, NY, NC, ND, OH, OK, OR, PA, RI, SC, SD, TN, TX, UT, VT, VA, WA, WI, WY",BMI25TO29_MED,,
,,,,,,,,,,,,,,,,,,,,,,,,,,,,(6% Fee) Nutrition Consultation - 3 Months + 2 Slim Boost,$664.62,https://buy.stripe.com/28EbJ0cHR2cPdbvbK90JJ2f,ALL,ALL,,
,,,,,,,,,,,,,,,,,,,,,,,,,,,,Combo NAD,$662.00,https://buy.stripe.com/4gw15826xdOb5AA5cc,"AZ, CO, CT, DE, FL, GA, HI, IL, IA, LA, ME, MD, MA, MI, MO, MT, NE, NV, NH, NJ, NM, NY, NC, ND, OH, OK, OR, PA, RI, SD, TN, TX, UT, VT, VA, WA, WI, WY",ALL,,
,,,,,,,,,,,,,,,,,,,,,,,,,,,,Combo Lipo-Mino,$662.00,https://buy.stripe.com/bJedR84bleZB4EZdSh0JG3j,"AZ, CO, CT, DE, FL, GA, HI, IL, IA, ME, MD, MI, MO, MT, NE, NV, NH, NJ, NM, NY, NC, ND, OH, OK, OR, PA, RI, SD, TN, TX, UT, VT, VA, WA, WI, WY",ALL,,
,,,,,,,,,,,,,,,,,,,,,,,,,,,,(6% Fee) Sermorelin Two Months,$634.94,https://buy.stripe.com/6oU6oGdLV3gTb3n15v0JO2g,"AZ, CA, CO, CT, DE, FL, GA, HI, IL, IA, ME, MD, MA, MI, MO, MT, NE, NV, NH, NJ, NM, NY, NC, ND, OH, OK, OR, PA, RI, SD, TN, TX, UT, VT, VA, WA, WI, WY",ALL,,
,,,,,,,,,,,,,,,,,,,,,,,,,,,,(6% Fee) Tirzepatide - Microdose,$634.94,https://buy.stripe.com/7sYcN4ePZ6t54EZaG50JL1x,"AZ, CO, CT, DE, FL, GA, HI, IL, IA, ME, MD, MA, MI, MO, MT, NE, NV, NH, NJ, NM, NY, NC, ND, OH, OK, OR, PA, RI, SD, TN, TX, UT, VT, VA, WA, WI, WY",GT18,,
,,,,,,,,,,,,,,,,,,,,,,,,,,,,Nutrition Consultation - 3 Months + 2 Slim Boost,$627.01,https://buy.stripe.com/bJedR8azJdVx7Rb9C10JJ2b,ALL,ALL,,
,,,,,,,,,,,,,,,,,,,,,,,,,,,,(6% Fee) Semaglutide 1mg,$624.34,https://buy.stripe.com/8wMeVYbH711p9QQ1Ku,"AZ, CA, CO, CT, DE, FL, GA, HI, IL, IN, IA, ME, MD, MA, MI, MN, MO, MT, NE, NV, NH, NJ, NM, NY, NC, ND, OH, OK, OR, PA, RI, SC, SD, TN, TX, UT, VT, VA, WA, WI, WY",BMI25TO29_MED,,
,,,,,,,,,,,,,,,,,,,,,,,,,,,,(6% Fee) NAD + Nutrition Consultation,$607.38,https://buy.stripe.com/4gw5lo12t39xbYY9su,"AZ, CO, CT, DE, FL, GA, HI, IL, IA, LA, ME, MD, MA, MI, MO, MT, NE, NV, NH, NJ, NM, NY, NC, ND, OH, OK, OR, PA, RI, SD, TN, TX, UT, VT, VA, WA, WI, WY",ALL,,
,,,,,,,,,,,,,,,,,,,,,,,,,,,,(6% Fee) Lipo-Mino + Nutrition Consultation,$607.38,https://buy.stripe.com/7sY14mdLV3gTfjD9C10JG3r,"AZ, CO, CT, DE, FL, GA, HI, IL, IA, ME, MD, MI, MO, MT, NE, NV, NH, NJ, NM, NY, NC, ND, OH, OK, OR, PA, RI, SD, TN, TX, UT, VT, VA, WA, WI, WY",ALL,,
,,,,,,,,,,,,,,,,,,,,,,,,,,,,Sermorelin Two Months,$599.00,https://buy.stripe.com/cNidR8ePZdVx2wR8xX0JO2f,"AZ, CA, CO, CT, DE, FL, GA, HI, IL, IA, ME, MD, MA, MI, MO, MT, NE, NV, NH, NJ, NM, NY, NC, ND, OH, OK, OR, PA, RI, SD, TN, TX, UT, VT, VA, WA, WI, WY",ALL,,
,,,,,,,,,,,,,,,,,,,,,,,,,,,,Tirzepatide - Microdose,$599.00,https://buy.stripe.com/8x214mePZ04HfjD9C10JL1w,"AZ, CO, CT, DE, FL, GA, HI, IL, IA, ME, MD, MA, MI, MO, MT, NE, NV, NH, NJ, NM, NY, NC, ND, OH, OK, OR, PA, RI, SD, TN, TX, UT, VT, VA, WA, WI, WY",GT18,,
,,,,,,,,,,,,,,,,,,,,,,,,,,,,Semaglutide 1mg,$589.00,https://buy.stripe.com/14kbJMcLbdOb2oobvl,"AZ, CA, CO, CT, DE, FL, GA, HI, IL, IN, IA, ME, MD, MA, MI, MN, MO, MT, NE, NV, NH, NJ, NM, NY, NC, ND, OH, OK, OR, PA, RI, SC, SD, TN, TX, UT, VT, VA, WA, WI, WY",BMI25TO29_MED,,
,,,,,,,,,,,,,,,,,,,,,,,,,,,,(6% Fee) Glutathione Four Months,$581.94,https://buy.stripe.com/14AeVc8rB8Bd0oJ15v0JO2b,"AZ, CO, CT, DE, FL, GA, HI, IL, IA, LA, ME, MD, MA, MI, MO, MT, NE, NV, NH, NJ, NM, NY, NC, ND, OH, OK, OR, PA, RI, SD, TN, TX, UT, VT, VA, WA, WI, WY",ALL,,
,,,,,,,,,,,,,,,,,,,,,,,,,,,,NAD + Nutrition Consultation,$573.00,https://buy.stripe.com/28o6pseTjbG36EEcED,"AZ, CO, CT, DE, FL, GA, HI, IL, IA, LA, ME, MD, MA, MI, MO, MT, NE, NV, NH, NJ, NM, NY, NC, ND, OH, OK, OR, PA, RI, SD, TN, TX, UT, VT, VA, WA, WI, WY",ALL,,
,,,,,,,,,,,,,,,,,,,,,,,,,,,,Lipo-Mino + Nutrition Consultation,$573.00,https://buy.stripe.com/3cI7sK5fpdVx4EZ7tT0JG3k,"AZ, CO, CT, DE, FL, GA, HI, IL, IA, ME, MD, MI, MO, MT, NE, NV, NH, NJ, NM, NY, NC, ND, OH, OK, OR, PA, RI, SD, TN, TX, UT, VT, VA, WA, WI, WY",ALL,,
,,,,,,,,,,,,,,,,,,,,,,,,,,,,Glutathione Four Months,$549.00,https://buy.stripe.com/cNi4gy23ddVx9Zj3dD0JO2a,"AZ, CO, CT, DE, FL, GA, HI, IL, IA, LA, ME, MD, MA, MI, MO, MT, NE, NV, NH, NJ, NM, NY, NC, ND, OH, OK, OR, PA, RI, SD, TN, TX, UT, VT, VA, WA, WI, WY",ALL,,
,,,,,,,,,,,,,,,,,,,,,,,,,,,,(6% Fee) Semaglutide - Microdose ,$518.34,https://buy.stripe.com/eVq8wOfU32cPgnHdSh0JL1v,"AZ, CA, CO, CT, DE, FL, GA, HI, IL, IN, IA, ME, MD, MA, MI, MN, MO, MT, NE, NV, NH, NJ, NM, NY, NC, ND, OH, OK, OR, PA, RI, SC, SD, TN, TX, UT, VT, VA, WA, WI, WY",GT18,,
,,,,,,,,,,,,,,,,,,,,,,,,,,,,(6% Fee) NAD + Slim Boost,$490.78,https://buy.stripe.com/cN2aFI3aBbG36EEeMN,"AZ, CO, CT, DE, FL, GA, HI, IL, IA, LA, ME, MD, MA, MI, MO, MT, NE, NV, NH, NJ, NM, NY, NC, ND, OH, OK, OR, PA, RI, SD, TN, TX, UT, VT, VA, WA, WI, WY",ALL,,
,,,,,,,,,,,,,,,,,,,,,,,,,,,,(6% Fee) Lipo-Mino + Slim Boost,$490.78,https://buy.stripe.com/9B66oG0Z9cRt7Rb8xX0JG3q,"AZ, CO, CT, DE, FL, GA, HI, IL, IA, ME, MD, MI, MO, MT, NE, NV, NH, NJ, NM, NY, NC, ND, OH, OK, OR, PA, RI, SD, TN, TX, UT, VT, VA, WA, WI, WY",ALL,,
,,,,,,,,,,,,,,,,,,,,,,,,,,,,Semaglutide - Microdose,$489.00,https://buy.stripe.com/3cI4gyePZ4kXdbvg0p0JL1q,"AZ, CA, CO, CT, DE, FL, GA, HI, IL, IN, IA, ME, MD, MA, MI, MN, MO, MT, NE, NV, NH, NJ, NM, NY, NC, ND, OH, OK, OR, PA, RI, SC, SD, TN, TX, UT, VT, VA, WA, WI, WY",GT18,,
,,,,,,,,,,,,,,,,,,,,,,,,,,,,(6%Fee) Nutrition Consultation - 3 Months,$475.95,https://buy.stripe.com/9B628qgY718L2wRcOd0JJ3Q,ALL,ALL,,
,,,,,,,,,,,,,,,,,,,,,,,,,,,,NAD + Slim Boost,$463.00,https://buy.stripe.com/fZecNQ5iJ8tR9QQbAy,"AZ, CO, CT, DE, FL, GA, HI, IL, IA, LA, ME, MD, MA, MI, MO, MT, NE, NV, NH, NJ, NM, NY, NC, ND, OH, OK, OR, PA, RI, SD, TN, TX, UT, VT, VA, WA, WI, WY",ALL,,
,,,,,,,,,,,,,,,,,,,,,,,,,,,,Lipo-Mino + Slim Boost,$463.00,https://buy.stripe.com/28EeVcePZ6t55J329z0JG3i,"AZ, CO, CT, DE, FL, GA, HI, IL, IA, ME, MD, MI, MO, MT, NE, NV, NH, NJ, NM, NY, NC, ND, OH, OK, OR, PA, RI, SD, TN, TX, UT, VT, VA, WA, WI, WY",ALL,,
,,,,,,,,,,,,,,,,,,,,,,,,,,,,Nutrition Consultation - 3 Months,$449.01,https://buy.stripe.com/00w8wO7nxaJl1sNeWl0JH23,ALL,ALL,,
,,,,,,,,,,,,,,,,,,,,,,,,,,,,(6% Fee) Glutathione Two Months,$396.44,https://buy.stripe.com/28EeVc8rB5p1dbvaG50JO27,"AZ, CO, CT, DE, FL, GA, HI, IL, IA, LA, ME, MD, MA, MI, MO, MT, NE, NV, NH, NJ, NM, NY, NC, ND, OH, OK, OR, PA, RI, SD, TN, TX, UT, VT, VA, WA, WI, WY",ALL,,
,,,,,,,,,,,,,,,,,,,,,,,,,,,,(6% Fee) GHK-Cu One Month,$396.44,https://buy.stripe.com/7sY00i9vF2cP0oJ6pP0JO28,"AZ, CA, CO, CT, DE, FL, GA, HI, IL, IA, ME, MD, MA, MI, MO, MT, NE, NV, NH, NJ, NM, NY, NC, ND, OH, OK, OR, PA, RI, SD, TN, TX, UT, VT, VA, WA, WI, WY",ALL,,
,,,,,,,,,,,,,,,,,,,,,,,,,,,,(6% Fee) NAD,$396.44,https://buy.stripe.com/6oU9ASbDN2cP2wR8xX0JI1A,"AZ, CO, CT, DE, FL, GA, HI, IL, IA, LA, ME, MD, MA, MI, MO, MT, NE, NV, NH, NJ, NM, NY, NC, ND, OH, OK, OR, PA, RI, SD, TN, TX, UT, VT, VA, WA, WI, WY",ALL,,
,,,,,,,,,,,,,,,,,,,,,,,,,,,,(6% Fee) Lipo-Mino,$396.44,https://buy.stripe.com/14A14m5fp04H0oJ29z0JI1y,"AZ, CO, CT, DE, FL, GA, HI, IL, IA, ME, MD, MI, MO, MT, NE, NV, NH, NJ, NM, NY, NC, ND, OH, OK, OR, PA, RI, SD, TN, TX, UT, VT, VA, WA, WI, WY",ALL,,
,,,,,,,,,,,,,,,,,,,,,,,,,,,,(6% Fee) Sermorelin One Month,$396.44,https://buy.stripe.com/bJe5kCcHR9FhgnHaG50JO29,"AZ, CA, CO, CT, DE, FL, GA, HI, IL, IA, ME, MD, MA, MI, MO, MT, NE, NV, NH, NJ, NM, NY, NC, ND, OH, OK, OR, PA, RI, SD, TN, TX, UT, VT, VA, WA, WI, WY",ALL,,
,,,,,,,,,,,,,,,,,,,,,,,,,,,,Glutathione Two Months,$374.00,https://buy.stripe.com/cNi00i6jtg3FfjD5lL0JO24,"AZ, CO, CT, DE, FL, GA, HI, IL, IA, LA, ME, MD, MA, MI, MO, MT, NE, NV, NH, NJ, NM, NY, NC, ND, OH, OK, OR, PA, RI, SD, TN, TX, UT, VT, VA, WA, WI, WY",ALL,,
,,,,,,,,,,,,,,,,,,,,,,,,,,,,GHK-Cu One Month,$374.00,https://buy.stripe.com/eVqeVc5fp5p14EZ6pP0JO25,"AZ, CA, CO, CT, DE, FL, GA, HI, IL, IA, ME, MD, MA, MI, MO, MT, NE, NV, NH, NJ, NM, NY, NC, ND, OH, OK, OR, PA, RI, SD, TN, TX, UT, VT, VA, WA, WI, WY",ALL,,
,,,,,,,,,,,,,,,,,,,,,,,,,,,,NAD,$374.00,https://buy.stripe.com/3csdRU26xeSfd327kh,"AZ, CO, CT, DE, FL, GA, HI, IL, IA, LA, ME, MD, MA, MI, MO, MT, NE, NV, NH, NJ, NM, NY, NC, ND, OH, OK, OR, PA, RI, SD, TN, TX, UT, VT, VA, WA, WI, WY",ALL,,
,,,,,,,,,,,,,,,,,,,,,,,,,,,,Lipo-Mino,$374.00,https://buy.stripe.com/14A5kC5fp6t51sNcOd0JG3h,"AZ, CO, CT, DE, FL, GA, HI, IL, IA, ME, MD, MI, MO, MT, NE, NV, NH, NJ, NM, NY, NC, ND, OH, OK, OR, PA, RI, SD, TN, TX, UT, VT, VA, WA, WI, WY",ALL,,
,,,,,,,,,,,,,,,,,,,,,,,,,,,,Sermorelin One Month,$374.00,https://buy.stripe.com/5kQcN4gY73gT8VfcOd0JO26,"AZ, CA, CO, CT, DE, FL, GA, HI, IL, IA, ME, MD, MA, MI, MO, MT, NE, NV, NH, NJ, NM, NY, NC, ND, OH, OK, OR, PA, RI, SD, TN, TX, UT, VT, VA, WA, WI, WY",ALL,,
,,,,,,,,,,,,,,,,,,,,,,,,,,,,NOT CLIENT (6% Fee) Nutrition Consultation + Slim Boost,$359.34,https://buy.stripe.com/00gg029yZ8tR2ooctP,ALL,ALL,,
,,,,,,,,,,,,,,,,,,,,,,,,,,,,NOT CLIENT Nutrition Consultation + Slim Boost,$339.00,https://buy.stripe.com/8wM29c9yZ25t3ss3Xi,ALL,ALL,,
,,,,,,,,,,,,,,,,,,,,,,,,,,,,(6% Fee) Nutrition Consultation + Slim Boost,$305.28,https://buy.stripe.com/6oE4hk3aB5hF0ggalJ,ALL,ALL,,
,,,,,,,,,,,,,,,,,,,,,,,,,,,,Metmorfin,$299.00,https://dharmanutritionclinic.com/products/metformin?_pos=1&_sid=da4a7c698&_ss=r,"AZ, CA, CO, CT, DE, FL, GA, HI, IL, IN, IA, ME, MD, MA, MI, MN, MO, MT, NE, NV, NH, NJ, NM, NY, NC, ND, OH, OK, OR, PA, RI, SC, SD, TN, TX, UT, VT, WA, WI, WY",GT18,,
,,,,,,,,,,,,,,,,,,,,,,,,,,,,NAD+ Nasal,$299.00,https://dharmanutritionclinic.com/products/nad-nasal-spray?_pos=4&_sid=2169ed583&_ss=r,"AZ, CO, CT, DE, FL, GA, HI, IL, IA, LA, ME, MD, MA, MO, MT, NE, NV, NH, NJ, NM, NY, NC, ND, OH, OK, OR, PA, RI, SD, TN, TX, UT, VT, VA, WA, WI, WY",ALL,,
,,,,,,,,,,,,,,,,,,,,,,,,,,,,Nutrition Consultation + Slim Boost,$288.00,https://buy.stripe.com/3cs7tw4eFaBZ3ss2Tg,ALL,ALL,,
,,,,,,,,,,,,,,,,,,,,,,,,,,,,NOT CLIENT (6% Fee) Nutrition Consultation,$265.00,https://buy.stripe.com/8wM158cLb4dBd32b0P,ALL,ALL,,
,,,,,,,,,,,,,,,,,,,,,,,,,,,,Tadalafil,$259.00,https://dharmanutritionclinic.com/products/sildenafil-tadalafil?_pos=1&_sid=9c0c9626a&_ss=r,"AZ, CA, CO, CT, DE, FL, GA, HI, IL, IN, IA, ME, MD, MA, MI, MN, MO, MT, NE, NV, NH, NJ, NM, NY, NC, ND, OH, OK, OR, PA, RI, SC, SD, TN, TX, UT, VT, WA, WI, WY",ALL,,
,,,,,,,,,,,,,,,,,,,,,,,,,,,,NOT CLIENT Nutrition Consultation,$250.00,https://buy.stripe.com/9AQaFIeTj4dB5AA0m9,ALL,ALL,,
,,,,,,,,,,,,,,,,,,,,,,,,,,,,Cashmere Cream,$229.00,https://dharmanutritionclinic.com/products/cashmere-cream,ALL,ALL,,
,,,,,,,,,,,,,,,,,,,,,,,,,,,,(6% Fee) Nutrition Consultation,$210.94,https://buy.stripe.com/7sIeVYh1r25t3ss02p,ALL,ALL,,
,,,,,,,,,,,,,,,,,,,,,,,,,,,,Hair Loss,$199.00,https://dharmanutritionclinic.com/products/cedar-oral,"AZ, CA, CO, CT, DE, FL, GA, HI, IL, IA, LA, ME, MD, MA, MO, MT, NE, NV, NH, NJ, NM, NY, NC, ND, OH, OK, OR, PA, RI, SD, TN, TX, UT, VT, VA, WA, WI, WY",ALL,,
,,,,,,,,,,,,,,,,,,,,,,,,,,,,Zepbound,$199.00,https://dharmanutritionclinic.com/products/zepbound®-tirzepatide-access-with-dharma?_pos=1&_sid=8158e8fc3&_ss=r,"AZ, CA, CO, CT, DE, FL, GA, HI, IL, IN, IA, ME, MD, MA, MI, MN, MO, MT, NE, NV, NH, NJ, NM, NY, NC, ND, OH, OK, OR, PA, RI, SC, SD, TN, TX, UT, VT, VA, WA, WI, WY",BMI25TO29_MED,,
,,,,,,,,,,,,,,,,,,,,,,,,,,,,Nutrition Consultation,$199.00,https://buy.stripe.com/dR67tw6mN25t2oo7uQ,ALL,ALL,,
,,,,,,,,,,,,,,,,,,,,,,,,,,,,(6% Fee) Slim Boost,$94.34,https://buy.stripe.com/28E00i5fp5p13AV7tT0JM2T,ALL,ALL,,
,,,,,,,,,,,,,,,,,,,,,,,,,,,,Slim Boost,$89.00,https://buy.stripe.com/9B64gyazJ8BddbvbK90JM2S,ALL,ALL,,
,,,,,,,,,,,,,,,,,,,,,,,,,,,,Anti-Nausea Consult / Ondansetron,$29.90,https://buy.stripe.com/7sYdR86jtbNp0oJeWl0JN2B,ALL,ALL,,
,,,,,,,,,,,,,,,,,,,,,,,,,,,,Ultra Cleanse Smoothie Greens,$42.90,,ALL,ALL,,
,,,,,,,,,,,,,,,,,,,,,,,,,,,,Brain & Focus Formula,$39.90,,ALL,ALL,,
,,,,,,,,,,,,,,,,,,,,,,,,,,,,L-Glutamine Powder,$39.90,,ALL,ALL,,
,,,,,,,,,,,,,,,,,,,,,,,,,,,,Energy Strips,$36.50,,ALL,ALL,,
,,,,,,,,,,,,,,,,,,,,,,,,,,,,Sleep Strips,$36.50,,ALL,ALL,,
,,,,,,,,,,,,,,,,,,,,,,,,,,,,Grass-Fed Collagen Creamer (Vanilla),$35.90,,ALL,ALL,,
,,,,,,,,,,,,,,,,,,,,,,,,,,,,Grass-Fed Collagen Peptides Powder (Chocolate),$35.90,,ALL,ALL,,
,,,,,,,,,,,,,,,,,,,,,,,,,,,,Grass-Fed Hydrolyzed Collagen Peptides,$35.90,,ALL,ALL,,
,,,,,,,,,,,,,,,,,,,,,,,,,,,,Greens Superfood,$35.90,,ALL,ALL,,
,,,,,,,,,,,,,,,,,,,,,,,,,,,,Colon Gentle Cleanse,$35.00,,ALL,ALL,,
,,,,,,,,,,,,,,,,,,,,,,,,,,,,Mushroom Extract Complex,$34.90,,ALL,ALL,,
,,,,,,,,,,,,,,,,,,,,,,,,,,,,Diet Drops Ultra 1 oz,$32.90,,ALL,ALL,,
,,,,,,,,,,,,,,,,,,,,,,,,,,,,Reds Superfood,$30.00,,ALL,ALL,,
,,,,,,,,,,,,,,,,,,,,,,,,,,,,Bone & Heart Support,$29.90,,ALL,ALL,,
,,,,,,,,,,,,,,,,,,,,,,,,,,,,"Hair, Skin and Nails Essentials",$25.99,,ALL,ALL,,
,,,,,,,,,,,,,,,,,,,,,,,,,,,,Complete Multivitamin,$25.90,,ALL,ALL,,
,,,,,,,,,,,,,,,,,,,,,,,,,,,,Probiotic 40 Billion with Prebiotics,$25.90,,ALL,ALL,,
,,,,,,,,,,,,,,,,,,,,,,,,,,,,Digestive Enzyme Pro Blend,$24.90,,ALL,ALL,,
,,,,,,,,,,,,,,,,,,,,,,,,,,,,Max Detox (Acai detox),$24.90,,ALL,ALL,,
,,,,,,,,,,,,,,,,,,,,,,,,,,,,Sleep Well Gummies (Adult),$24.90,,ALL,ALL,,
,,,,,,,,,,,,,,,,,,,,,,,,,,,,"Vitamin D3 2,000 IU",$24.90,,ALL,ALL,,
,,,,,,,,,,,,,,,,,,,,,,,,,,,,Turmeric Gummies,$22.90,,ALL,ALL,,
,,,,,,,,,,,,,,,,,,,,,,,,,,,,Joint Support Gummies (Adult),$19.90,,ALL,ALL,,
,,,,,,,,,,,,,,,,,,,,,,,,,,,,Maca Plus,$19.90,,ALL,ALL,,
,,,,,,,,,,,,,,,,,,,,,,,,,,,,Multivitamin Bear Gummies (Adult),$19.90,,ALL,ALL,,
,,,,,,,,,,,,,,,,,,,,,,,,,,,,Detox Tea,$15.99,,ALL,ALL,,